customer_id,customer_name,gender,age,city,state,signup_date
1,Sneha Das,Male,46,Mumbai,Maharashtra,2025-11-03
2,Vamsi Rao,Male,44,Bengaluru,Karnataka,2024-05-06
3,Shreya Nair,Male,36,Delhi,Delhi,2025-12-05
4,Divya Patel,Female,19,Mumbai,Maharashtra,2024-08-27
5,Harsha Gupta,Male,28,Vijayawada,Andhra Pradesh,2024-12-04
6,Sneha Singh,Male,39,Hyderabad,Telangana,2024-01-31
7,Meena Rao,Male,55,Vijayawada,Andhra Pradesh,2025-11-29
8,Rohit Das,Male,28,Hyderabad,Telangana,2024-04-01
9,Lakshmi Rao,Female,31,Kochi,Kerala,2025-11-02
10,Vamsi Verma,Female,25,Kochi,Kerala,2024-07-01
11,Arjun Singh,Female,46,Chennai,Tamil Nadu,2025-07-27
12,Sai Singh,Male,32,Hyderabad,Telangana,2024-09-30
13,Meena Sharma,Female,40,Bengaluru,Karnataka,2024-11-03
14,Rakesh Singh,Female,28,Hyderabad,Telangana,2024-08-12
15,Rakesh Patel,Male,55,Pune,Maharashtra,2024-04-23
16,Vikram Reddy,Female,39,Delhi,Delhi,2025-04-19
17,Sneha Patel,Male,52,Delhi,Delhi,2025-06-16
18,Nikhil Singh,Female,19,Vijayawada,Andhra Pradesh,2025-07-07
19,Keerthi Singh,Male,54,Chennai,Tamil Nadu,2024-01-11
20,Rakesh Rao,Male,24,Pune,Maharashtra,2024-01-14
21,Arjun Gupta,Male,42,Delhi,Delhi,2024-04-25
22,Lakshmi Sharma,Male,58,Kochi,Kerala,2025-03-06
23,Rohit Reddy,Female,42,Kochi,Kerala,2025-02-22
24,Vamsi Singh,Female,25,Mumbai,Maharashtra,2025-03-16
25,Sai Das,Male,47,Vijayawada,Andhra Pradesh,2024-12-22
26,Kiran Reddy,Female,44,Bengaluru,Karnataka,2025-05-18
27,Kiran Nair,Male,53,Bengaluru,Karnataka,2024-02-24
28,Shreya Verma,Male,25,Pune,Maharashtra,2024-01-10
29,Harsha Singh,Male,25,Vijayawada,Andhra Pradesh,2024-06-01
30,Vikram Patel,Male,43,Vijayawada,Andhra Pradesh,2024-04-21
31,Shreya Gupta,Male,53,Delhi,Delhi,2024-06-09
32,Kiran Kumar,Female,33,Mumbai,Maharashtra,2025-11-25
33,Arjun Singh,Male,18,Hyderabad,Telangana,2025-08-19
34,Priya Rao,Male,46,Vijayawada,Andhra Pradesh,2025-08-18
35,Deepika Reddy,Female,50,Chennai,Tamil Nadu,2024-12-12
36,Nikhil Gupta,Male,48,Kochi,Kerala,2025-04-25
37,Rakesh Gupta,Male,40,Kochi,Kerala,2025-12-20
38,Keerthi Das,Male,19,Chennai,Tamil Nadu,2025-04-11
39,Sai Sharma,Female,49,Delhi,Delhi,2025-11-10
40,Vamsi Singh,Female,28,Bengaluru,Karnataka,2025-02-23
41,Sai Das,Female,23,Bengaluru,Karnataka,2024-03-04
42,Tejas Reddy,Female,52,Vijayawada,Andhra Pradesh,2024-12-29
43,Rohit Reddy,Male,19,Vijayawada,Andhra Pradesh,2024-12-28
44,Sai Patel,Male,30,Chennai,Tamil Nadu,2025-10-20
45,Sneha Kumar,Male,48,Hyderabad,Telangana,2025-05-16
46,Kiran Sharma,Female,19,Bengaluru,Karnataka,2025-12-24
47,Deepika Verma,Male,40,Mumbai,Maharashtra,2024-07-02
48,Rakesh Singh,Male,24,Chennai,Tamil Nadu,2025-11-05
49,Priya Verma,Male,23,Kochi,Kerala,2024-03-21
50,Rahul Patel,Female,37,Chennai,Tamil Nadu,2024-08-22
51,Vikram Kumar,Male,29,Chennai,Tamil Nadu,2025-03-26
52,Nikhil Gupta,Male,29,Kochi,Kerala,2024-09-05
53,Harsha Singh,Male,48,Hyderabad,Telangana,2025-02-08
54,Deepika Rao,Male,55,Bengaluru,Karnataka,2024-01-08
55,Rohit Das,Female,54,Bengaluru,Karnataka,2025-06-08
56,Priya Reddy,Male,44,Mumbai,Maharashtra,2024-12-29
57,Deepika Nair,Male,42,Chennai,Tamil Nadu,2024-09-17
58,Keerthi Gupta,Male,48,Delhi,Delhi,2024-11-20
59,Lakshmi Rao,Female,43,Chennai,Tamil Nadu,2025-05-23
60,Anjali Gupta,Male,48,Kochi,Kerala,2024-08-05
61,Rohit Das,Female,53,Kochi,Kerala,2024-01-26
62,Lakshmi Reddy,Female,56,Kochi,Kerala,2024-05-10
63,Shreya Reddy,Male,56,Pune,Maharashtra,2025-12-07
64,Nikhil Patel,Female,36,Kochi,Kerala,2024-09-12
65,Kiran Patel,Female,53,Vijayawada,Andhra Pradesh,2024-08-20
66,Rohit Singh,Female,45,Hyderabad,Telangana,2024-04-12
67,Rahul Sharma,Male,37,Kochi,Kerala,2024-06-04
68,Sai Das,Female,20,Hyderabad,Telangana,2025-08-25
69,Anjali Gupta,Male,18,Pune,Maharashtra,2025-10-20
70,Priya Verma,Male,18,Mumbai,Maharashtra,2024-01-02
71,Sai Nair,Female,49,Bengaluru,Karnataka,2024-07-04
72,Lakshmi Patel,Female,46,Vijayawada,Andhra Pradesh,2024-12-28
73,Arjun Kumar,Female,32,Delhi,Delhi,2025-03-07
74,Keerthi Kumar,Female,23,Pune,Maharashtra,2025-01-06
75,Rakesh Das,Male,58,Hyderabad,Telangana,2024-10-26
76,Tejas Verma,Female,35,Pune,Maharashtra,2024-10-25
77,Sneha Verma,Female,44,Kochi,Kerala,2025-02-15
78,Sneha Reddy,Female,36,Mumbai,Maharashtra,2024-03-19
79,Vamsi Gupta,Male,19,Chennai,Tamil Nadu,2024-01-11
80,Priya Reddy,Male,57,Mumbai,Maharashtra,2024-01-05
81,Rakesh Verma,Male,30,Vijayawada,Andhra Pradesh,2025-04-18
82,Sai Sharma,Female,35,Mumbai,Maharashtra,2024-05-30
83,Sneha Kumar,Male,34,Hyderabad,Telangana,2024-06-27
84,Nikhil Kumar,Female,31,Mumbai,Maharashtra,2024-04-08
85,Tejas Rao,Male,53,Pune,Maharashtra,2024-05-28
86,Divya Verma,Male,57,Vijayawada,Andhra Pradesh,2025-07-12
87,Rakesh Singh,Female,27,Hyderabad,Telangana,2024-01-27
88,Rohit Sharma,Male,58,Kochi,Kerala,2024-12-17
89,Divya Das,Male,31,Pune,Maharashtra,2024-12-14
90,Sneha Sharma,Male,23,Hyderabad,Telangana,2025-10-25
91,Harsha Rao,Female,48,Vijayawada,Andhra Pradesh,2024-01-25
92,Vamsi Patel,Male,43,Bengaluru,Karnataka,2025-12-19
93,Vamsi Reddy,Female,55,Bengaluru,Karnataka,2024-03-01
94,Shreya Verma,Female,59,Delhi,Delhi,2025-11-25
95,Arjun Gupta,Female,20,Delhi,Delhi,2025-11-20
96,Shreya Das,Female,20,Vijayawada,Andhra Pradesh,2024-10-10
97,Deepika Reddy,Female,49,Chennai,Tamil Nadu,2025-06-25
98,Divya Reddy,Female,29,Vijayawada,Andhra Pradesh,2025-12-20
99,Deepika Reddy,Female,53,Kochi,Kerala,2025-05-10
100,Sneha Das,Male,40,Bengaluru,Karnataka,2024-01-04
101,Anjali Nair,Female,39,Kochi,Kerala,2025-01-05
102,Rahul Verma,Male,47,Bengaluru,Karnataka,2025-10-22
103,Divya Gupta,Female,60,Mumbai,Maharashtra,2025-03-07
104,Lakshmi Singh,Female,53,Kochi,Kerala,2024-02-23
105,Vikram Reddy,Female,21,Vijayawada,Andhra Pradesh,2024-01-25
106,Rohit Sharma,Male,49,Mumbai,Maharashtra,2024-02-20
107,Harsha Sharma,Male,45,Hyderabad,Telangana,2025-10-17
108,Nikhil Gupta,Male,42,Chennai,Tamil Nadu,2025-10-17
109,Deepika Sharma,Male,41,Hyderabad,Telangana,2024-06-30
110,Rohit Singh,Male,42,Bengaluru,Karnataka,2024-06-17
111,Sneha Rao,Male,19,Vijayawada,Andhra Pradesh,2024-03-24
112,Arjun Das,Male,22,Hyderabad,Telangana,2025-09-09
113,Rahul Rao,Female,27,Mumbai,Maharashtra,2025-01-15
114,Nikhil Rao,Female,45,Kochi,Kerala,2024-12-05
115,Priya Nair,Female,52,Vijayawada,Andhra Pradesh,2024-01-24
116,Harsha Rao,Male,56,Kochi,Kerala,2024-10-21
117,Divya Gupta,Male,48,Mumbai,Maharashtra,2025-05-11
118,Rohit Kumar,Male,38,Mumbai,Maharashtra,2024-12-20
119,Tejas Singh,Male,36,Kochi,Kerala,2024-02-06
120,Lakshmi Nair,Female,59,Hyderabad,Telangana,2024-04-03
121,Arjun Sharma,Male,53,Delhi,Delhi,2024-10-04
122,Tejas Das,Female,32,Bengaluru,Karnataka,2025-09-09
123,Rahul Sharma,Male,26,Vijayawada,Andhra Pradesh,2025-01-14
124,Rohit Rao,Male,24,Hyderabad,Telangana,2024-06-08
125,Rahul Gupta,Male,29,Hyderabad,Telangana,2024-12-05
126,Vamsi Das,Male,42,Chennai,Tamil Nadu,2024-01-12
127,Shreya Sharma,Female,26,Vijayawada,Andhra Pradesh,2024-02-14
128,Deepika Singh,Female,34,Pune,Maharashtra,2025-02-08
129,Tejas Gupta,Male,32,Bengaluru,Karnataka,2025-01-05
130,Meena Gupta,Male,55,Hyderabad,Telangana,2024-02-28
131,Tejas Singh,Male,37,Chennai,Tamil Nadu,2024-07-30
132,Deepika Gupta,Female,24,Vijayawada,Andhra Pradesh,2025-02-13
133,Priya Rao,Male,34,Vijayawada,Andhra Pradesh,2024-12-31
134,Harsha Gupta,Female,41,Chennai,Tamil Nadu,2024-01-28
135,Shreya Rao,Male,53,Mumbai,Maharashtra,2024-01-30
136,Arjun Reddy,Male,35,Delhi,Delhi,2024-04-02
137,Arjun Das,Female,23,Hyderabad,Telangana,2025-07-27
138,Keerthi Sharma,Female,57,Bengaluru,Karnataka,2024-03-16
139,Shreya Rao,Male,56,Mumbai,Maharashtra,2025-12-16
140,Nikhil Reddy,Male,25,Delhi,Delhi,2025-08-22
141,Anjali Verma,Female,46,Chennai,Tamil Nadu,2025-05-27
142,Anjali Verma,Male,34,Chennai,Tamil Nadu,2024-09-21
143,Tejas Rao,Female,54,Hyderabad,Telangana,2025-08-20
144,Shreya Patel,Male,36,Pune,Maharashtra,2024-08-11
145,Nikhil Gupta,Female,35,Hyderabad,Telangana,2025-04-30
146,Arjun Sharma,Male,54,Kochi,Kerala,2025-12-14
147,Rakesh Gupta,Female,23,Chennai,Tamil Nadu,2025-12-11
148,Tejas Gupta,Female,36,Chennai,Tamil Nadu,2025-04-02
149,Priya Rao,Female,44,Delhi,Delhi,2025-04-29
150,Divya Nair,Female,34,Hyderabad,Telangana,2024-12-10
151,Divya Nair,Female,59,Kochi,Kerala,2024-08-05
152,Sai Singh,Female,48,Kochi,Kerala,2025-01-19
153,Harsha Verma,Female,59,Hyderabad,Telangana,2025-08-11
154,Rahul Gupta,Female,36,Kochi,Kerala,2025-03-10
155,Sai Rao,Female,23,Delhi,Delhi,2025-07-21
156,Kiran Das,Female,20,Mumbai,Maharashtra,2025-01-12
157,Arjun Nair,Male,54,Mumbai,Maharashtra,2024-05-18
158,Rakesh Verma,Female,49,Hyderabad,Telangana,2024-01-14
159,Rohit Patel,Male,23,Vijayawada,Andhra Pradesh,2024-12-16
160,Priya Patel,Female,37,Vijayawada,Andhra Pradesh,2025-03-09
161,Sai Singh,Male,26,Pune,Maharashtra,2024-03-08
162,Lakshmi Das,Male,28,Kochi,Kerala,2024-11-21
163,Harsha Reddy,Male,43,Bengaluru,Karnataka,2024-04-15
164,Nikhil Nair,Male,23,Mumbai,Maharashtra,2024-09-21
165,Divya Singh,Female,54,Bengaluru,Karnataka,2024-05-01
166,Divya Gupta,Female,56,Kochi,Kerala,2025-07-02
167,Nikhil Kumar,Female,25,Bengaluru,Karnataka,2024-05-12
168,Harsha Singh,Female,18,Bengaluru,Karnataka,2024-06-27
169,Vikram Das,Female,53,Bengaluru,Karnataka,2025-04-26
170,Rahul Rao,Male,60,Delhi,Delhi,2025-10-18
171,Meena Sharma,Male,52,Hyderabad,Telangana,2024-10-08
172,Rakesh Patel,Female,59,Mumbai,Maharashtra,2024-07-16
173,Shreya Nair,Female,23,Chennai,Tamil Nadu,2024-08-05
174,Vamsi Sharma,Female,38,Vijayawada,Andhra Pradesh,2024-03-15
175,Sai Singh,Female,19,Pune,Maharashtra,2025-01-16
176,Vikram Gupta,Male,25,Mumbai,Maharashtra,2024-11-07
177,Vamsi Rao,Female,40,Vijayawada,Andhra Pradesh,2024-01-15
178,Divya Singh,Male,20,Delhi,Delhi,2024-03-29
179,Rakesh Das,Female,54,Delhi,Delhi,2025-06-20
180,Sneha Rao,Female,37,Hyderabad,Telangana,2025-02-09
181,Sneha Singh,Male,59,Kochi,Kerala,2025-11-16
182,Anjali Kumar,Male,24,Mumbai,Maharashtra,2024-10-02
183,Rahul Das,Male,56,Pune,Maharashtra,2025-11-30
184,Lakshmi Das,Female,57,Delhi,Delhi,2025-04-08
185,Vamsi Rao,Female,34,Bengaluru,Karnataka,2024-12-25
186,Nikhil Gupta,Female,53,Vijayawada,Andhra Pradesh,2024-03-02
187,Tejas Gupta,Male,22,Kochi,Kerala,2025-10-17
188,Harsha Rao,Female,48,Mumbai,Maharashtra,2024-06-03
189,Kiran Reddy,Female,57,Mumbai,Maharashtra,2024-04-27
190,Arjun Nair,Male,20,Kochi,Kerala,2024-03-10
191,Sneha Verma,Female,55,Kochi,Kerala,2024-12-13
192,Lakshmi Rao,Female,52,Kochi,Kerala,2025-07-27
193,Deepika Nair,Male,41,Vijayawada,Andhra Pradesh,2025-06-17
194,Keerthi Reddy,Female,21,Hyderabad,Telangana,2024-09-01
195,Harsha Das,Female,35,Hyderabad,Telangana,2024-03-26
196,Priya Nair,Male,20,Bengaluru,Karnataka,2025-09-03
197,Lakshmi Verma,Female,43,Delhi,Delhi,2024-03-26
198,Arjun Kumar,Female,52,Hyderabad,Telangana,2025-07-27
199,Rohit Verma,Male,54,Pune,Maharashtra,2025-04-24
200,Priya Nair,Male,54,Pune,Maharashtra,2024-01-16
201,Shreya Patel,Female,51,Kochi,Kerala,2024-03-15
202,Rohit Singh,Female,21,Bengaluru,Karnataka,2025-09-11
203,Deepika Patel,Male,18,Bengaluru,Karnataka,2025-08-31
204,Arjun Kumar,Female,51,Vijayawada,Andhra Pradesh,2025-06-09
205,Vamsi Das,Female,31,Hyderabad,Telangana,2024-03-06
206,Keerthi Kumar,Female,32,Mumbai,Maharashtra,2025-09-28
207,Keerthi Kumar,Female,36,Vijayawada,Andhra Pradesh,2024-05-25
208,Shreya Verma,Female,41,Mumbai,Maharashtra,2024-11-22
209,Lakshmi Das,Male,39,Delhi,Delhi,2024-09-28
210,Meena Kumar,Female,50,Vijayawada,Andhra Pradesh,2024-11-20
211,Deepika Rao,Female,33,Mumbai,Maharashtra,2025-07-27
212,Sneha Patel,Female,20,Delhi,Delhi,2024-10-02
213,Priya Nair,Male,47,Chennai,Tamil Nadu,2025-08-09
214,Priya Sharma,Male,40,Mumbai,Maharashtra,2025-07-15
215,Rohit Sharma,Male,49,Chennai,Tamil Nadu,2025-07-12
216,Lakshmi Rao,Female,57,Chennai,Tamil Nadu,2024-10-10
217,Deepika Reddy,Male,42,Bengaluru,Karnataka,2025-12-19
218,Sneha Rao,Male,58,Vijayawada,Andhra Pradesh,2024-12-26
219,Lakshmi Gupta,Female,53,Kochi,Kerala,2025-08-22
220,Anjali Das,Female,58,Bengaluru,Karnataka,2025-04-24
221,Rakesh Verma,Female,54,Mumbai,Maharashtra,2025-05-21
222,Vikram Verma,Male,48,Chennai,Tamil Nadu,2025-11-05
223,Rakesh Patel,Female,54,Vijayawada,Andhra Pradesh,2025-06-11
224,Sai Nair,Male,37,Kochi,Kerala,2025-09-24
225,Deepika Verma,Male,51,Vijayawada,Andhra Pradesh,2025-08-07
226,Shreya Singh,Female,40,Hyderabad,Telangana,2024-07-22
227,Divya Singh,Male,47,Bengaluru,Karnataka,2025-12-08
228,Rohit Sharma,Female,51,Hyderabad,Telangana,2025-06-18
229,Rohit Singh,Female,34,Delhi,Delhi,2025-10-13
230,Vamsi Reddy,Male,21,Kochi,Kerala,2025-12-09
231,Tejas Gupta,Male,23,Hyderabad,Telangana,2024-05-23
232,Vamsi Nair,Female,43,Bengaluru,Karnataka,2025-06-14
233,Sneha Rao,Female,21,Kochi,Kerala,2025-04-07
234,Meena Kumar,Female,38,Mumbai,Maharashtra,2025-06-25
235,Keerthi Nair,Male,49,Pune,Maharashtra,2025-07-22
236,Sai Patel,Male,40,Delhi,Delhi,2024-07-10
237,Lakshmi Verma,Female,40,Bengaluru,Karnataka,2025-12-19
238,Sai Reddy,Female,37,Vijayawada,Andhra Pradesh,2025-10-03
239,Tejas Gupta,Male,58,Vijayawada,Andhra Pradesh,2024-09-04
240,Lakshmi Reddy,Male,25,Hyderabad,Telangana,2025-06-19
241,Divya Singh,Male,52,Kochi,Kerala,2024-08-04
242,Tejas Patel,Female,46,Pune,Maharashtra,2025-12-27
243,Nikhil Nair,Male,34,Bengaluru,Karnataka,2025-07-31
244,Deepika Verma,Female,56,Delhi,Delhi,2025-09-12
245,Meena Gupta,Male,19,Vijayawada,Andhra Pradesh,2025-02-04
246,Kiran Reddy,Male,31,Delhi,Delhi,2025-01-12
247,Deepika Sharma,Female,41,Kochi,Kerala,2025-03-09
248,Harsha Rao,Male,42,Kochi,Kerala,2024-02-20
249,Nikhil Das,Male,50,Vijayawada,Andhra Pradesh,2024-01-23
250,Rohit Sharma,Male,57,Bengaluru,Karnataka,2025-03-12
251,Lakshmi Das,Male,30,Hyderabad,Telangana,2024-06-01
252,Rakesh Singh,Male,24,Pune,Maharashtra,2025-05-06
253,Shreya Rao,Female,49,Pune,Maharashtra,2025-08-05
254,Vamsi Sharma,Male,43,Kochi,Kerala,2024-03-09
255,Rahul Patel,Male,53,Chennai,Tamil Nadu,2024-02-09
256,Divya Reddy,Male,21,Vijayawada,Andhra Pradesh,2024-12-24
257,Kiran Rao,Male,49,Chennai,Tamil Nadu,2024-01-17
258,Vikram Kumar,Male,33,Vijayawada,Andhra Pradesh,2024-06-11
259,Harsha Singh,Female,35,Vijayawada,Andhra Pradesh,2025-03-05
260,Vamsi Nair,Female,38,Bengaluru,Karnataka,2025-12-06
261,Nikhil Sharma,Female,41,Bengaluru,Karnataka,2025-11-14
262,Rahul Verma,Male,24,Pune,Maharashtra,2024-08-28
263,Lakshmi Kumar,Male,44,Mumbai,Maharashtra,2024-09-29
264,Meena Nair,Female,28,Mumbai,Maharashtra,2024-08-25
265,Anjali Nair,Female,21,Delhi,Delhi,2024-09-03
266,Sneha Gupta,Male,43,Bengaluru,Karnataka,2025-07-09
267,Sneha Gupta,Male,19,Vijayawada,Andhra Pradesh,2025-03-16
268,Rakesh Kumar,Female,52,Vijayawada,Andhra Pradesh,2024-12-28
269,Kiran Das,Female,18,Kochi,Kerala,2024-11-01
270,Vikram Reddy,Male,46,Kochi,Kerala,2025-08-25
271,Keerthi Singh,Male,32,Bengaluru,Karnataka,2025-03-22
272,Vikram Patel,Female,58,Delhi,Delhi,2025-10-25
273,Harsha Kumar,Female,24,Delhi,Delhi,2025-06-06
274,Harsha Gupta,Female,39,Bengaluru,Karnataka,2025-05-14
275,Sneha Patel,Male,55,Kochi,Kerala,2025-03-28
276,Rahul Gupta,Male,49,Vijayawada,Andhra Pradesh,2025-12-20
277,Harsha Verma,Male,46,Mumbai,Maharashtra,2024-09-08
278,Anjali Kumar,Male,48,Vijayawada,Andhra Pradesh,2025-02-12
279,Vamsi Kumar,Female,39,Mumbai,Maharashtra,2025-12-13
280,Arjun Singh,Female,46,Delhi,Delhi,2025-07-19
281,Nikhil Gupta,Female,28,Mumbai,Maharashtra,2024-08-12
282,Kiran Sharma,Male,34,Bengaluru,Karnataka,2025-07-12
283,Kiran Singh,Male,52,Delhi,Delhi,2024-05-24
284,Divya Gupta,Male,36,Kochi,Kerala,2025-04-17
285,Rakesh Gupta,Male,20,Vijayawada,Andhra Pradesh,2024-08-04
286,Sneha Kumar,Male,50,Kochi,Kerala,2024-07-25
287,Divya Singh,Female,42,Kochi,Kerala,2025-02-07
288,Vamsi Gupta,Male,41,Pune,Maharashtra,2024-12-24
289,Arjun Das,Female,44,Mumbai,Maharashtra,2024-02-07
290,Anjali Kumar,Male,19,Hyderabad,Telangana,2025-05-03
291,Tejas Reddy,Male,48,Mumbai,Maharashtra,2025-09-20
292,Sneha Nair,Male,28,Pune,Maharashtra,2024-08-27
293,Vikram Reddy,Male,48,Vijayawada,Andhra Pradesh,2025-08-31
294,Meena Reddy,Male,33,Hyderabad,Telangana,2024-08-21
295,Sai Sharma,Male,60,Mumbai,Maharashtra,2025-09-30
296,Anjali Gupta,Male,28,Hyderabad,Telangana,2024-09-12
297,Nikhil Nair,Male,52,Pune,Maharashtra,2024-10-17
298,Kiran Patel,Female,37,Delhi,Delhi,2025-12-15
299,Rakesh Sharma,Female,36,Vijayawada,Andhra Pradesh,2025-03-20
300,Vamsi Rao,Female,28,Delhi,Delhi,2024-08-25
301,Keerthi Das,Male,22,Bengaluru,Karnataka,2024-08-12
302,Priya Kumar,Male,23,Pune,Maharashtra,2025-12-31
303,Priya Singh,Male,29,Bengaluru,Karnataka,2025-11-18
304,Lakshmi Das,Female,18,Chennai,Tamil Nadu,2024-06-30
305,Priya Verma,Male,60,Chennai,Tamil Nadu,2024-05-13
306,Lakshmi Nair,Male,60,Pune,Maharashtra,2025-12-23
307,Divya Singh,Female,38,Vijayawada,Andhra Pradesh,2024-08-06
308,Vikram Sharma,Male,29,Chennai,Tamil Nadu,2024-09-05
309,Priya Singh,Female,52,Chennai,Tamil Nadu,2024-09-10
310,Meena Kumar,Male,29,Hyderabad,Telangana,2025-07-07
311,Tejas Gupta,Male,38,Hyderabad,Telangana,2024-11-05
312,Nikhil Kumar,Female,43,Bengaluru,Karnataka,2025-10-14
313,Tejas Patel,Female,33,Chennai,Tamil Nadu,2025-08-02
314,Shreya Singh,Female,35,Kochi,Kerala,2025-02-18
315,Keerthi Nair,Female,50,Delhi,Delhi,2024-02-03
316,Keerthi Patel,Female,40,Vijayawada,Andhra Pradesh,2025-10-05
317,Tejas Patel,Female,51,Bengaluru,Karnataka,2025-10-01
318,Sneha Kumar,Female,47,Pune,Maharashtra,2025-03-02
319,Lakshmi Reddy,Female,46,Kochi,Kerala,2025-05-21
320,Shreya Sharma,Female,28,Hyderabad,Telangana,2025-05-23
321,Vikram Sharma,Male,46,Kochi,Kerala,2024-06-01
322,Vikram Patel,Female,27,Vijayawada,Andhra Pradesh,2024-05-22
323,Nikhil Das,Male,54,Mumbai,Maharashtra,2024-01-26
324,Meena Verma,Female,20,Mumbai,Maharashtra,2025-12-10
325,Rakesh Reddy,Male,33,Pune,Maharashtra,2025-09-22
326,Deepika Sharma,Male,57,Kochi,Kerala,2024-02-20
327,Meena Singh,Male,60,Chennai,Tamil Nadu,2025-03-30
328,Divya Reddy,Female,53,Delhi,Delhi,2024-05-12
329,Tejas Nair,Female,26,Delhi,Delhi,2025-07-17
330,Sneha Das,Male,52,Bengaluru,Karnataka,2024-01-31
331,Arjun Reddy,Male,19,Delhi,Delhi,2025-07-21
332,Rohit Singh,Male,22,Kochi,Kerala,2025-09-04
333,Priya Singh,Male,23,Vijayawada,Andhra Pradesh,2025-02-20
334,Harsha Das,Female,32,Kochi,Kerala,2025-03-09
335,Tejas Sharma,Female,44,Delhi,Delhi,2024-06-11
336,Sai Reddy,Male,41,Pune,Maharashtra,2024-04-13
337,Arjun Reddy,Male,26,Delhi,Delhi,2024-08-12
338,Rahul Sharma,Female,48,Bengaluru,Karnataka,2025-07-14
339,Sai Singh,Male,41,Vijayawada,Andhra Pradesh,2025-04-13
340,Harsha Patel,Male,53,Vijayawada,Andhra Pradesh,2024-09-23
341,Rakesh Verma,Female,39,Mumbai,Maharashtra,2025-10-20
342,Harsha Gupta,Female,22,Kochi,Kerala,2024-01-29
343,Rohit Patel,Female,60,Vijayawada,Andhra Pradesh,2024-06-18
344,Shreya Kumar,Female,41,Bengaluru,Karnataka,2025-03-08
345,Arjun Reddy,Female,18,Chennai,Tamil Nadu,2025-02-10
346,Divya Kumar,Male,41,Pune,Maharashtra,2024-04-15
347,Lakshmi Nair,Female,59,Delhi,Delhi,2024-04-02
348,Anjali Kumar,Female,23,Vijayawada,Andhra Pradesh,2025-04-24
349,Nikhil Sharma,Male,19,Pune,Maharashtra,2025-06-22
350,Rakesh Kumar,Female,55,Pune,Maharashtra,2024-10-24
351,Arjun Reddy,Female,21,Mumbai,Maharashtra,2025-06-22
352,Lakshmi Gupta,Male,54,Bengaluru,Karnataka,2024-02-11
353,Arjun Patel,Male,57,Pune,Maharashtra,2025-09-07
354,Lakshmi Nair,Male,48,Bengaluru,Karnataka,2025-06-30
355,Shreya Das,Female,50,Hyderabad,Telangana,2024-04-18
356,Sneha Singh,Male,37,Mumbai,Maharashtra,2025-03-15
357,Nikhil Patel,Female,51,Kochi,Kerala,2024-09-18
358,Deepika Patel,Male,58,Chennai,Tamil Nadu,2025-01-12
359,Tejas Gupta,Female,54,Chennai,Tamil Nadu,2025-07-05
360,Vamsi Gupta,Female,47,Pune,Maharashtra,2025-12-07
361,Tejas Singh,Male,31,Kochi,Kerala,2024-12-06
362,Vamsi Nair,Female,39,Pune,Maharashtra,2024-05-06
363,Divya Reddy,Male,45,Hyderabad,Telangana,2025-10-04
364,Divya Singh,Male,43,Kochi,Kerala,2025-12-14
365,Anjali Singh,Male,33,Bengaluru,Karnataka,2025-08-11
366,Meena Das,Male,43,Pune,Maharashtra,2025-03-05
367,Anjali Patel,Male,46,Chennai,Tamil Nadu,2024-03-22
368,Keerthi Gupta,Male,25,Pune,Maharashtra,2025-08-22
369,Divya Patel,Female,24,Chennai,Tamil Nadu,2025-03-06
370,Priya Verma,Male,34,Pune,Maharashtra,2024-11-16
371,Sneha Verma,Male,19,Pune,Maharashtra,2025-12-14
372,Vamsi Kumar,Female,48,Mumbai,Maharashtra,2024-06-10
373,Nikhil Das,Female,54,Vijayawada,Andhra Pradesh,2025-03-07
374,Tejas Das,Male,39,Pune,Maharashtra,2024-10-02
375,Vamsi Reddy,Male,43,Kochi,Kerala,2025-10-07
376,Rakesh Gupta,Male,37,Hyderabad,Telangana,2024-12-06
377,Deepika Gupta,Female,31,Pune,Maharashtra,2024-10-02
378,Deepika Nair,Male,33,Kochi,Kerala,2024-04-21
379,Priya Singh,Male,41,Hyderabad,Telangana,2025-03-20
380,Arjun Singh,Female,60,Pune,Maharashtra,2025-04-09
381,Priya Reddy,Male,49,Mumbai,Maharashtra,2025-10-17
382,Vamsi Sharma,Male,34,Bengaluru,Karnataka,2025-05-01
383,Meena Gupta,Female,20,Chennai,Tamil Nadu,2025-10-24
384,Arjun Reddy,Female,32,Mumbai,Maharashtra,2024-07-02
385,Nikhil Das,Female,42,Kochi,Kerala,2025-11-08
386,Priya Singh,Male,42,Vijayawada,Andhra Pradesh,2024-07-23
387,Anjali Singh,Male,37,Hyderabad,Telangana,2024-03-04
388,Divya Gupta,Female,40,Pune,Maharashtra,2025-11-30
389,Tejas Gupta,Female,25,Bengaluru,Karnataka,2024-03-23
390,Arjun Patel,Female,29,Mumbai,Maharashtra,2024-07-24
391,Sneha Rao,Male,53,Hyderabad,Telangana,2025-08-25
392,Arjun Rao,Male,30,Chennai,Tamil Nadu,2025-05-30
393,Tejas Gupta,Male,25,Chennai,Tamil Nadu,2024-04-23
394,Vamsi Kumar,Male,57,Mumbai,Maharashtra,2024-12-12
395,Anjali Nair,Male,51,Pune,Maharashtra,2024-01-30
396,Divya Sharma,Male,57,Vijayawada,Andhra Pradesh,2024-06-28
397,Priya Das,Female,37,Pune,Maharashtra,2024-08-24
398,Rahul Reddy,Female,54,Vijayawada,Andhra Pradesh,2025-06-22
399,Priya Singh,Female,29,Vijayawada,Andhra Pradesh,2024-03-12
400,Nikhil Gupta,Male,52,Mumbai,Maharashtra,2024-03-25
401,Deepika Nair,Male,40,Delhi,Delhi,2024-06-27
402,Tejas Patel,Male,34,Chennai,Tamil Nadu,2025-02-19
403,Tejas Sharma,Male,21,Bengaluru,Karnataka,2025-01-26
404,Shreya Singh,Female,55,Kochi,Kerala,2025-02-09
405,Anjali Verma,Female,49,Hyderabad,Telangana,2024-10-16
406,Tejas Gupta,Male,47,Vijayawada,Andhra Pradesh,2025-04-28
407,Vikram Reddy,Female,24,Bengaluru,Karnataka,2025-07-16
408,Rohit Gupta,Female,42,Chennai,Tamil Nadu,2025-03-29
409,Arjun Gupta,Female,55,Chennai,Tamil Nadu,2025-11-07
410,Meena Sharma,Female,58,Pune,Maharashtra,2025-10-20
411,Vikram Verma,Male,56,Delhi,Delhi,2024-08-31
412,Anjali Singh,Female,55,Hyderabad,Telangana,2024-08-07
413,Lakshmi Verma,Female,57,Mumbai,Maharashtra,2024-05-23
414,Vamsi Das,Female,59,Bengaluru,Karnataka,2024-06-23
415,Tejas Gupta,Male,46,Pune,Maharashtra,2025-12-05
416,Arjun Nair,Female,34,Hyderabad,Telangana,2024-02-01
417,Kiran Gupta,Female,20,Delhi,Delhi,2024-04-23
418,Anjali Rao,Male,43,Vijayawada,Andhra Pradesh,2025-05-11
419,Vikram Sharma,Male,53,Delhi,Delhi,2025-03-27
420,Meena Sharma,Male,33,Pune,Maharashtra,2024-11-23
421,Keerthi Verma,Male,45,Bengaluru,Karnataka,2024-11-23
422,Nikhil Nair,Female,55,Pune,Maharashtra,2025-07-23
423,Deepika Singh,Male,52,Chennai,Tamil Nadu,2025-01-14
424,Deepika Das,Female,54,Vijayawada,Andhra Pradesh,2024-09-30
425,Lakshmi Sharma,Female,34,Hyderabad,Telangana,2025-01-26
426,Nikhil Nair,Male,18,Pune,Maharashtra,2025-09-05
427,Harsha Verma,Female,24,Chennai,Tamil Nadu,2025-11-14
428,Anjali Nair,Female,18,Chennai,Tamil Nadu,2024-08-01
429,Harsha Sharma,Female,47,Hyderabad,Telangana,2025-09-29
430,Keerthi Gupta,Male,32,Hyderabad,Telangana,2025-07-05
431,Deepika Sharma,Male,57,Hyderabad,Telangana,2025-06-30
432,Lakshmi Rao,Male,46,Chennai,Tamil Nadu,2024-06-24
433,Arjun Das,Male,55,Delhi,Delhi,2025-09-23
434,Shreya Nair,Male,50,Hyderabad,Telangana,2025-02-25
435,Priya Patel,Male,36,Pune,Maharashtra,2024-04-22
436,Tejas Kumar,Female,45,Pune,Maharashtra,2024-08-19
437,Anjali Gupta,Female,32,Delhi,Delhi,2024-07-11
438,Harsha Reddy,Female,24,Kochi,Kerala,2024-08-09
439,Harsha Patel,Female,42,Kochi,Kerala,2025-11-08
440,Sai Das,Male,40,Vijayawada,Andhra Pradesh,2024-02-08
441,Sai Singh,Male,42,Chennai,Tamil Nadu,2024-07-29
442,Rakesh Verma,Male,44,Hyderabad,Telangana,2024-12-10
443,Nikhil Patel,Male,26,Kochi,Kerala,2025-01-18
444,Vikram Singh,Female,41,Hyderabad,Telangana,2025-02-10
445,Sneha Nair,Male,56,Hyderabad,Telangana,2024-06-26
446,Arjun Nair,Female,44,Hyderabad,Telangana,2024-08-06
447,Tejas Verma,Female,43,Bengaluru,Karnataka,2025-09-30
448,Meena Gupta,Male,44,Bengaluru,Karnataka,2025-08-28
449,Sneha Singh,Female,59,Chennai,Tamil Nadu,2024-10-02
450,Rohit Sharma,Male,45,Pune,Maharashtra,2024-01-12
451,Sai Rao,Female,46,Vijayawada,Andhra Pradesh,2025-09-15
452,Keerthi Sharma,Male,35,Mumbai,Maharashtra,2025-05-08
453,Vamsi Patel,Female,43,Bengaluru,Karnataka,2025-08-06
454,Keerthi Nair,Male,59,Kochi,Kerala,2024-05-25
455,Sai Sharma,Female,57,Mumbai,Maharashtra,2025-05-06
456,Rakesh Sharma,Female,26,Bengaluru,Karnataka,2025-03-20
457,Lakshmi Nair,Male,29,Kochi,Kerala,2025-03-28
458,Kiran Singh,Female,28,Pune,Maharashtra,2025-05-26
459,Divya Patel,Male,46,Vijayawada,Andhra Pradesh,2024-05-14
460,Priya Sharma,Female,23,Vijayawada,Andhra Pradesh,2025-10-11
461,Kiran Nair,Female,25,Kochi,Kerala,2024-11-09
462,Rohit Gupta,Female,32,Mumbai,Maharashtra,2024-09-07
463,Meena Verma,Female,51,Kochi,Kerala,2024-03-25
464,Keerthi Reddy,Female,32,Bengaluru,Karnataka,2025-06-08
465,Rohit Verma,Female,29,Delhi,Delhi,2024-11-24
466,Rakesh Gupta,Female,45,Kochi,Kerala,2024-10-21
467,Deepika Verma,Male,57,Pune,Maharashtra,2025-01-31
468,Lakshmi Patel,Male,60,Mumbai,Maharashtra,2025-02-17
469,Harsha Singh,Male,34,Pune,Maharashtra,2025-09-05
470,Vamsi Singh,Female,25,Delhi,Delhi,2025-02-20
471,Lakshmi Das,Male,41,Pune,Maharashtra,2024-07-29
472,Tejas Kumar,Female,38,Delhi,Delhi,2025-03-19
473,Vikram Nair,Male,52,Hyderabad,Telangana,2025-04-17
474,Rahul Rao,Female,30,Vijayawada,Andhra Pradesh,2025-09-20
475,Nikhil Nair,Male,29,Delhi,Delhi,2024-08-20
476,Rahul Reddy,Male,26,Mumbai,Maharashtra,2025-03-10
477,Kiran Das,Male,37,Hyderabad,Telangana,2025-12-11
478,Keerthi Kumar,Female,41,Mumbai,Maharashtra,2024-12-23
479,Anjali Verma,Female,54,Kochi,Kerala,2024-03-01
480,Vamsi Das,Female,52,Pune,Maharashtra,2025-09-09
481,Deepika Nair,Male,39,Pune,Maharashtra,2025-03-26
482,Vamsi Sharma,Male,55,Bengaluru,Karnataka,2025-09-17
483,Anjali Patel,Female,30,Vijayawada,Andhra Pradesh,2024-03-26
484,Harsha Patel,Female,36,Hyderabad,Telangana,2024-01-19
485,Harsha Singh,Female,23,Mumbai,Maharashtra,2025-10-19
486,Anjali Patel,Male,44,Kochi,Kerala,2025-04-18
487,Sneha Kumar,Female,35,Kochi,Kerala,2025-03-14
488,Sai Rao,Male,22,Pune,Maharashtra,2025-08-26
489,Lakshmi Kumar,Male,35,Bengaluru,Karnataka,2024-08-10
490,Tejas Rao,Female,41,Delhi,Delhi,2024-06-11
491,Nikhil Verma,Female,28,Kochi,Kerala,2024-08-07
492,Kiran Gupta,Female,60,Vijayawada,Andhra Pradesh,2025-12-15
493,Rahul Sharma,Male,50,Hyderabad,Telangana,2025-06-07
494,Priya Rao,Female,20,Mumbai,Maharashtra,2024-01-23
495,Harsha Sharma,Female,44,Hyderabad,Telangana,2025-02-18
496,Sai Kumar,Male,22,Delhi,Delhi,2025-08-19
497,Meena Singh,Male,49,Bengaluru,Karnataka,2025-10-20
498,Rahul Verma,Female,50,Vijayawada,Andhra Pradesh,2025-05-21
499,Priya Das,Male,43,Chennai,Tamil Nadu,2025-09-20
500,Lakshmi Das,Male,27,Chennai,Tamil Nadu,2024-11-07
501,Meena Reddy,Male,35,Delhi,Delhi,2024-01-15
502,Anjali Reddy,Male,19,Chennai,Tamil Nadu,2025-06-10
503,Kiran Patel,Female,28,Kochi,Kerala,2025-01-04
504,Arjun Singh,Male,43,Mumbai,Maharashtra,2025-11-13
505,Vikram Singh,Male,51,Chennai,Tamil Nadu,2024-06-28
506,Arjun Nair,Male,53,Vijayawada,Andhra Pradesh,2024-03-31
507,Rohit Reddy,Male,33,Kochi,Kerala,2025-08-20
508,Rohit Verma,Male,54,Hyderabad,Telangana,2024-11-27
509,Nikhil Patel,Female,34,Chennai,Tamil Nadu,2024-12-17
510,Deepika Das,Male,26,Delhi,Delhi,2024-02-04
511,Meena Sharma,Female,20,Bengaluru,Karnataka,2025-08-28
512,Keerthi Gupta,Male,51,Delhi,Delhi,2024-10-11
513,Sneha Gupta,Female,23,Kochi,Kerala,2025-03-14
514,Rakesh Gupta,Male,39,Hyderabad,Telangana,2024-01-24
515,Divya Singh,Female,19,Bengaluru,Karnataka,2024-03-31
516,Priya Singh,Male,52,Delhi,Delhi,2024-03-30
517,Lakshmi Nair,Male,37,Vijayawada,Andhra Pradesh,2024-07-22
518,Divya Rao,Male,57,Delhi,Delhi,2024-05-08
519,Harsha Verma,Female,57,Chennai,Tamil Nadu,2024-09-25
520,Kiran Gupta,Male,27,Delhi,Delhi,2024-12-12
521,Rohit Sharma,Male,23,Bengaluru,Karnataka,2024-05-17
522,Harsha Gupta,Male,59,Kochi,Kerala,2025-08-15
523,Sai Singh,Male,46,Delhi,Delhi,2025-07-12
524,Kiran Singh,Male,38,Hyderabad,Telangana,2024-03-01
525,Lakshmi Verma,Male,58,Vijayawada,Andhra Pradesh,2024-11-18
526,Shreya Nair,Male,51,Mumbai,Maharashtra,2025-05-03
527,Sai Gupta,Male,47,Mumbai,Maharashtra,2025-07-24
528,Priya Sharma,Male,54,Vijayawada,Andhra Pradesh,2025-05-12
529,Keerthi Das,Female,42,Chennai,Tamil Nadu,2024-11-20
530,Rahul Patel,Male,38,Kochi,Kerala,2025-11-11
531,Tejas Nair,Male,40,Hyderabad,Telangana,2025-06-27
532,Rakesh Sharma,Female,56,Pune,Maharashtra,2025-12-14
533,Vikram Kumar,Female,24,Vijayawada,Andhra Pradesh,2024-05-26
534,Nikhil Verma,Female,59,Kochi,Kerala,2025-05-29
535,Deepika Kumar,Male,59,Kochi,Kerala,2024-05-17
536,Rahul Nair,Male,35,Hyderabad,Telangana,2025-10-31
537,Lakshmi Verma,Male,47,Chennai,Tamil Nadu,2024-04-03
538,Nikhil Gupta,Female,24,Chennai,Tamil Nadu,2024-03-24
539,Keerthi Kumar,Female,35,Kochi,Kerala,2025-05-13
540,Lakshmi Das,Female,49,Pune,Maharashtra,2024-03-20
541,Harsha Sharma,Female,23,Vijayawada,Andhra Pradesh,2024-11-02
542,Vamsi Rao,Female,44,Delhi,Delhi,2024-07-25
543,Arjun Kumar,Female,24,Bengaluru,Karnataka,2024-10-10
544,Vikram Reddy,Female,24,Kochi,Kerala,2025-11-02
545,Harsha Reddy,Female,35,Hyderabad,Telangana,2025-12-15
546,Harsha Singh,Male,30,Chennai,Tamil Nadu,2024-01-02
547,Rahul Nair,Male,29,Mumbai,Maharashtra,2024-12-21
548,Lakshmi Rao,Female,47,Pune,Maharashtra,2024-05-07
549,Nikhil Kumar,Male,38,Chennai,Tamil Nadu,2024-02-14
550,Keerthi Singh,Male,21,Delhi,Delhi,2024-04-24
551,Shreya Gupta,Male,55,Kochi,Kerala,2024-04-17
552,Keerthi Nair,Male,25,Kochi,Kerala,2024-03-07
553,Priya Das,Female,57,Kochi,Kerala,2025-04-21
554,Rakesh Kumar,Female,40,Kochi,Kerala,2025-05-13
555,Nikhil Reddy,Female,28,Hyderabad,Telangana,2024-03-12
556,Nikhil Gupta,Female,58,Vijayawada,Andhra Pradesh,2024-12-13
557,Sai Patel,Female,54,Vijayawada,Andhra Pradesh,2024-09-21
558,Priya Reddy,Male,40,Mumbai,Maharashtra,2025-05-14
559,Deepika Verma,Female,35,Delhi,Delhi,2025-10-13
560,Shreya Nair,Male,21,Delhi,Delhi,2024-03-30
561,Tejas Reddy,Female,24,Chennai,Tamil Nadu,2024-12-29
562,Tejas Gupta,Male,48,Vijayawada,Andhra Pradesh,2025-05-17
563,Vamsi Das,Female,57,Mumbai,Maharashtra,2024-04-10
564,Lakshmi Das,Male,27,Vijayawada,Andhra Pradesh,2025-09-20
565,Sneha Nair,Female,39,Hyderabad,Telangana,2024-06-18
566,Priya Verma,Female,36,Chennai,Tamil Nadu,2025-07-05
567,Rohit Singh,Male,51,Mumbai,Maharashtra,2024-06-22
568,Anjali Gupta,Female,34,Pune,Maharashtra,2025-09-08
569,Rakesh Das,Female,31,Chennai,Tamil Nadu,2024-01-29
570,Priya Singh,Female,56,Kochi,Kerala,2025-08-07
571,Priya Kumar,Female,30,Chennai,Tamil Nadu,2025-08-05
572,Rahul Rao,Female,37,Hyderabad,Telangana,2025-01-15
573,Sai Verma,Male,33,Bengaluru,Karnataka,2025-02-19
574,Priya Sharma,Male,30,Kochi,Kerala,2025-05-10
575,Kiran Nair,Male,23,Mumbai,Maharashtra,2024-05-29
576,Rohit Reddy,Female,29,Mumbai,Maharashtra,2025-09-11
577,Divya Sharma,Male,54,Kochi,Kerala,2025-06-20
578,Shreya Das,Male,34,Chennai,Tamil Nadu,2024-02-07
579,Rohit Sharma,Female,28,Vijayawada,Andhra Pradesh,2024-06-06
580,Divya Nair,Female,18,Delhi,Delhi,2024-12-23
581,Sai Patel,Female,25,Mumbai,Maharashtra,2025-04-16
582,Rahul Patel,Male,25,Bengaluru,Karnataka,2024-10-17
583,Tejas Sharma,Male,49,Bengaluru,Karnataka,2024-10-28
584,Shreya Reddy,Male,47,Vijayawada,Andhra Pradesh,2024-04-15
585,Sneha Singh,Male,30,Kochi,Kerala,2025-11-13
586,Lakshmi Singh,Male,27,Mumbai,Maharashtra,2025-09-23
587,Anjali Kumar,Male,23,Delhi,Delhi,2025-01-06
588,Rahul Kumar,Female,50,Kochi,Kerala,2025-10-09
589,Keerthi Nair,Male,24,Kochi,Kerala,2024-03-30
590,Rakesh Rao,Female,37,Pune,Maharashtra,2025-10-16
591,Rakesh Nair,Female,23,Chennai,Tamil Nadu,2024-06-02
592,Tejas Kumar,Male,45,Mumbai,Maharashtra,2025-07-12
593,Rahul Das,Male,18,Chennai,Tamil Nadu,2024-11-03
594,Rakesh Rao,Female,36,Hyderabad,Telangana,2025-03-17
595,Anjali Das,Female,25,Delhi,Delhi,2024-03-04
596,Meena Verma,Male,31,Vijayawada,Andhra Pradesh,2025-11-15
597,Shreya Kumar,Female,45,Mumbai,Maharashtra,2024-12-29
598,Lakshmi Nair,Female,40,Pune,Maharashtra,2025-02-14
599,Meena Reddy,Male,24,Vijayawada,Andhra Pradesh,2025-03-17
600,Vikram Singh,Female,46,Delhi,Delhi,2024-10-06
601,Sneha Kumar,Male,18,Pune,Maharashtra,2024-06-09
602,Lakshmi Kumar,Male,50,Hyderabad,Telangana,2025-02-28
603,Nikhil Rao,Male,60,Chennai,Tamil Nadu,2024-03-03
604,Keerthi Verma,Female,60,Pune,Maharashtra,2024-02-08
605,Divya Verma,Female,33,Hyderabad,Telangana,2025-12-10
606,Harsha Sharma,Female,51,Delhi,Delhi,2025-05-12
607,Anjali Kumar,Male,54,Delhi,Delhi,2025-05-24
608,Harsha Singh,Female,28,Chennai,Tamil Nadu,2024-04-15
609,Vikram Gupta,Male,55,Delhi,Delhi,2025-12-03
610,Sneha Nair,Female,39,Kochi,Kerala,2025-09-10
611,Nikhil Singh,Male,53,Mumbai,Maharashtra,2024-04-11
612,Keerthi Verma,Male,42,Chennai,Tamil Nadu,2025-07-14
613,Vikram Kumar,Male,53,Hyderabad,Telangana,2025-04-05
614,Priya Rao,Male,28,Delhi,Delhi,2024-05-30
615,Anjali Das,Female,19,Mumbai,Maharashtra,2025-06-07
616,Rahul Rao,Male,22,Vijayawada,Andhra Pradesh,2024-09-29
617,Deepika Verma,Male,26,Pune,Maharashtra,2025-06-19
618,Vamsi Gupta,Female,34,Vijayawada,Andhra Pradesh,2025-05-01
619,Tejas Das,Female,27,Kochi,Kerala,2025-11-04
620,Rohit Kumar,Female,45,Hyderabad,Telangana,2024-12-10
621,Nikhil Kumar,Female,39,Vijayawada,Andhra Pradesh,2024-01-15
622,Divya Das,Male,36,Kochi,Kerala,2025-05-12
623,Keerthi Patel,Female,20,Mumbai,Maharashtra,2024-06-09
624,Harsha Patel,Female,38,Delhi,Delhi,2025-01-17
625,Lakshmi Verma,Male,32,Hyderabad,Telangana,2024-09-29
626,Kiran Das,Female,48,Bengaluru,Karnataka,2025-02-01
627,Nikhil Reddy,Female,48,Hyderabad,Telangana,2024-12-20
628,Nikhil Das,Female,27,Delhi,Delhi,2025-09-03
629,Vamsi Rao,Male,44,Delhi,Delhi,2024-03-28
630,Deepika Verma,Male,43,Bengaluru,Karnataka,2025-08-05
631,Nikhil Patel,Male,48,Mumbai,Maharashtra,2025-02-04
632,Rakesh Das,Female,50,Kochi,Kerala,2025-01-09
633,Priya Verma,Male,26,Pune,Maharashtra,2025-06-16
634,Sai Gupta,Female,25,Pune,Maharashtra,2025-09-24
635,Keerthi Reddy,Female,37,Kochi,Kerala,2025-03-24
636,Deepika Singh,Female,35,Bengaluru,Karnataka,2024-10-15
637,Anjali Patel,Male,44,Kochi,Kerala,2025-10-11
638,Shreya Gupta,Female,46,Hyderabad,Telangana,2025-07-17
639,Rahul Kumar,Male,36,Kochi,Kerala,2024-05-22
640,Kiran Reddy,Male,42,Vijayawada,Andhra Pradesh,2024-06-13
641,Vamsi Gupta,Female,23,Delhi,Delhi,2025-12-25
642,Rakesh Nair,Female,57,Vijayawada,Andhra Pradesh,2025-05-20
643,Sneha Patel,Female,34,Chennai,Tamil Nadu,2025-03-12
644,Vikram Patel,Female,38,Mumbai,Maharashtra,2025-10-19
645,Rakesh Rao,Male,18,Bengaluru,Karnataka,2024-05-11
646,Rohit Kumar,Female,56,Mumbai,Maharashtra,2024-07-23
647,Vamsi Singh,Male,21,Kochi,Kerala,2024-01-07
648,Vamsi Sharma,Male,20,Vijayawada,Andhra Pradesh,2025-03-22
649,Vikram Patel,Female,33,Pune,Maharashtra,2024-03-12
650,Rohit Patel,Male,46,Chennai,Tamil Nadu,2025-09-22
651,Deepika Gupta,Male,52,Pune,Maharashtra,2024-05-04
652,Keerthi Nair,Female,58,Vijayawada,Andhra Pradesh,2025-03-10
653,Kiran Nair,Female,24,Bengaluru,Karnataka,2024-10-31
654,Vamsi Rao,Male,29,Mumbai,Maharashtra,2024-06-02
655,Kiran Reddy,Female,34,Pune,Maharashtra,2024-04-01
656,Deepika Verma,Female,29,Chennai,Tamil Nadu,2025-11-22
657,Rahul Sharma,Male,52,Pune,Maharashtra,2024-08-10
658,Rakesh Nair,Female,42,Pune,Maharashtra,2025-02-20
659,Sai Das,Female,58,Vijayawada,Andhra Pradesh,2024-12-01
660,Keerthi Verma,Female,23,Chennai,Tamil Nadu,2024-10-14
661,Anjali Gupta,Female,57,Kochi,Kerala,2024-02-07
662,Shreya Patel,Male,45,Pune,Maharashtra,2024-04-27
663,Arjun Kumar,Female,52,Bengaluru,Karnataka,2025-11-08
664,Arjun Das,Female,43,Mumbai,Maharashtra,2025-10-05
665,Sai Verma,Female,48,Bengaluru,Karnataka,2024-07-23
666,Divya Reddy,Male,49,Kochi,Kerala,2024-01-20
667,Rohit Patel,Male,24,Vijayawada,Andhra Pradesh,2024-04-16
668,Sai Reddy,Female,57,Bengaluru,Karnataka,2024-12-03
669,Harsha Verma,Male,45,Delhi,Delhi,2025-06-01
670,Rakesh Gupta,Female,32,Kochi,Kerala,2024-04-17
671,Kiran Gupta,Male,25,Kochi,Kerala,2025-12-07
672,Divya Verma,Female,55,Bengaluru,Karnataka,2025-03-13
673,Harsha Gupta,Female,39,Vijayawada,Andhra Pradesh,2025-11-08
674,Kiran Reddy,Male,22,Bengaluru,Karnataka,2025-07-16
675,Keerthi Sharma,Female,22,Kochi,Kerala,2024-01-31
676,Sai Nair,Male,40,Hyderabad,Telangana,2024-04-09
677,Arjun Reddy,Female,60,Delhi,Delhi,2024-08-16
678,Nikhil Reddy,Male,27,Kochi,Kerala,2025-12-01
679,Deepika Das,Female,37,Vijayawada,Andhra Pradesh,2024-03-06
680,Tejas Gupta,Male,58,Hyderabad,Telangana,2025-12-21
681,Nikhil Reddy,Female,36,Vijayawada,Andhra Pradesh,2024-03-25
682,Deepika Gupta,Male,59,Vijayawada,Andhra Pradesh,2024-04-14
683,Shreya Patel,Male,25,Kochi,Kerala,2024-01-19
684,Kiran Nair,Female,23,Chennai,Tamil Nadu,2025-05-10
685,Divya Reddy,Male,47,Kochi,Kerala,2025-01-27
686,Vikram Reddy,Male,42,Pune,Maharashtra,2025-01-07
687,Tejas Patel,Female,41,Vijayawada,Andhra Pradesh,2024-10-20
688,Sneha Verma,Male,27,Pune,Maharashtra,2024-02-22
689,Vikram Rao,Female,41,Delhi,Delhi,2024-04-11
690,Deepika Reddy,Male,20,Mumbai,Maharashtra,2024-01-21
691,Lakshmi Kumar,Female,56,Hyderabad,Telangana,2024-01-05
692,Deepika Gupta,Male,32,Pune,Maharashtra,2025-04-30
693,Rahul Gupta,Male,35,Pune,Maharashtra,2025-09-20
694,Harsha Singh,Female,31,Kochi,Kerala,2025-05-22
695,Lakshmi Patel,Female,31,Vijayawada,Andhra Pradesh,2024-01-02
696,Tejas Verma,Male,41,Delhi,Delhi,2025-11-08
697,Meena Kumar,Female,42,Kochi,Kerala,2025-11-17
698,Vikram Sharma,Female,46,Chennai,Tamil Nadu,2024-08-03
699,Keerthi Rao,Male,55,Bengaluru,Karnataka,2025-02-10
700,Anjali Verma,Male,53,Mumbai,Maharashtra,2024-11-07
701,Keerthi Das,Male,45,Bengaluru,Karnataka,2024-11-28
702,Anjali Reddy,Male,37,Delhi,Delhi,2024-12-11
703,Vikram Kumar,Male,27,Pune,Maharashtra,2025-01-08
704,Arjun Nair,Female,45,Chennai,Tamil Nadu,2025-05-03
705,Vamsi Patel,Male,22,Hyderabad,Telangana,2024-09-25
706,Sneha Kumar,Male,42,Mumbai,Maharashtra,2025-09-08
707,Rakesh Rao,Male,45,Hyderabad,Telangana,2024-02-06
708,Meena Verma,Female,59,Vijayawada,Andhra Pradesh,2024-10-14
709,Nikhil Kumar,Male,56,Delhi,Delhi,2024-12-13
710,Vikram Patel,Male,19,Delhi,Delhi,2025-06-04
711,Rakesh Verma,Female,45,Hyderabad,Telangana,2025-08-08
712,Rahul Reddy,Female,32,Delhi,Delhi,2024-08-24
713,Harsha Das,Female,54,Mumbai,Maharashtra,2024-05-19
714,Priya Gupta,Female,47,Mumbai,Maharashtra,2025-11-10
715,Meena Gupta,Female,50,Mumbai,Maharashtra,2024-11-24
716,Kiran Kumar,Female,24,Pune,Maharashtra,2025-05-18
717,Harsha Sharma,Female,50,Delhi,Delhi,2025-01-10
718,Sai Sharma,Male,34,Hyderabad,Telangana,2025-10-29
719,Keerthi Das,Female,29,Mumbai,Maharashtra,2024-08-22
720,Sai Rao,Male,46,Kochi,Kerala,2025-04-12
721,Tejas Patel,Female,56,Kochi,Kerala,2025-01-04
722,Priya Nair,Male,46,Vijayawada,Andhra Pradesh,2024-12-12
723,Harsha Sharma,Male,41,Hyderabad,Telangana,2025-10-17
724,Rahul Rao,Male,50,Mumbai,Maharashtra,2024-01-18
725,Meena Rao,Male,52,Pune,Maharashtra,2024-04-12
726,Lakshmi Patel,Male,36,Kochi,Kerala,2025-12-07
727,Lakshmi Gupta,Male,33,Vijayawada,Andhra Pradesh,2025-12-20
728,Meena Rao,Female,31,Hyderabad,Telangana,2024-08-27
729,Keerthi Verma,Female,37,Bengaluru,Karnataka,2025-02-21
730,Rakesh Sharma,Male,32,Chennai,Tamil Nadu,2025-05-05
731,Sneha Verma,Male,56,Pune,Maharashtra,2025-01-20
732,Kiran Patel,Male,26,Vijayawada,Andhra Pradesh,2025-07-07
733,Nikhil Patel,Male,30,Mumbai,Maharashtra,2025-02-28
734,Shreya Das,Male,47,Bengaluru,Karnataka,2025-06-20
735,Sai Das,Male,56,Chennai,Tamil Nadu,2024-11-08
736,Sneha Das,Male,24,Mumbai,Maharashtra,2024-06-24
737,Keerthi Singh,Male,47,Mumbai,Maharashtra,2024-08-25
738,Shreya Verma,Male,26,Mumbai,Maharashtra,2025-07-23
739,Vikram Gupta,Female,55,Delhi,Delhi,2024-01-27
740,Keerthi Sharma,Female,50,Bengaluru,Karnataka,2025-06-01
741,Arjun Nair,Male,24,Chennai,Tamil Nadu,2025-03-22
742,Rahul Sharma,Female,31,Chennai,Tamil Nadu,2025-03-08
743,Rakesh Verma,Male,19,Delhi,Delhi,2025-08-14
744,Arjun Rao,Male,21,Mumbai,Maharashtra,2025-06-03
745,Anjali Nair,Male,20,Delhi,Delhi,2025-06-17
746,Rakesh Nair,Female,36,Hyderabad,Telangana,2024-03-28
747,Vamsi Das,Male,58,Bengaluru,Karnataka,2024-09-07
748,Sneha Patel,Female,47,Pune,Maharashtra,2024-03-04
749,Keerthi Verma,Female,25,Kochi,Kerala,2024-05-03
750,Vamsi Reddy,Female,50,Pune,Maharashtra,2025-03-16
751,Rahul Das,Male,52,Hyderabad,Telangana,2024-11-04
752,Sai Sharma,Male,33,Mumbai,Maharashtra,2024-06-28
753,Keerthi Rao,Male,59,Pune,Maharashtra,2024-01-30
754,Kiran Nair,Male,56,Mumbai,Maharashtra,2025-11-08
755,Harsha Patel,Male,23,Kochi,Kerala,2024-01-02
756,Priya Gupta,Female,57,Bengaluru,Karnataka,2024-05-27
757,Tejas Verma,Female,60,Pune,Maharashtra,2024-09-01
758,Divya Patel,Male,31,Delhi,Delhi,2025-11-23
759,Anjali Nair,Male,27,Mumbai,Maharashtra,2025-06-13
760,Rakesh Patel,Female,36,Hyderabad,Telangana,2024-09-18
761,Keerthi Kumar,Female,33,Kochi,Kerala,2024-11-07
762,Keerthi Singh,Male,53,Chennai,Tamil Nadu,2024-07-05
763,Sneha Rao,Male,27,Chennai,Tamil Nadu,2024-03-31
764,Vikram Gupta,Male,31,Delhi,Delhi,2024-04-19
765,Vamsi Sharma,Female,45,Pune,Maharashtra,2025-03-28
766,Sneha Das,Male,38,Delhi,Delhi,2025-10-08
767,Vikram Verma,Female,30,Mumbai,Maharashtra,2025-09-05
768,Vamsi Das,Female,32,Kochi,Kerala,2025-09-16
769,Rahul Verma,Male,38,Pune,Maharashtra,2025-12-24
770,Lakshmi Kumar,Female,46,Vijayawada,Andhra Pradesh,2025-07-12
771,Divya Rao,Female,30,Bengaluru,Karnataka,2025-05-15
772,Tejas Nair,Male,59,Kochi,Kerala,2025-02-21
773,Anjali Verma,Female,40,Hyderabad,Telangana,2025-12-15
774,Kiran Patel,Female,55,Mumbai,Maharashtra,2024-07-17
775,Shreya Kumar,Female,18,Chennai,Tamil Nadu,2025-12-29
776,Rohit Kumar,Male,22,Mumbai,Maharashtra,2024-03-30
777,Rahul Sharma,Female,44,Hyderabad,Telangana,2025-04-27
778,Sai Singh,Male,33,Pune,Maharashtra,2024-02-08
779,Shreya Singh,Male,38,Vijayawada,Andhra Pradesh,2024-09-22
780,Sai Nair,Male,34,Bengaluru,Karnataka,2024-02-29
781,Rakesh Reddy,Female,45,Kochi,Kerala,2024-04-11
782,Lakshmi Verma,Female,54,Vijayawada,Andhra Pradesh,2025-01-01
783,Priya Gupta,Female,35,Pune,Maharashtra,2025-05-08
784,Keerthi Das,Male,19,Vijayawada,Andhra Pradesh,2025-08-05
785,Rohit Gupta,Male,44,Mumbai,Maharashtra,2025-09-08
786,Rahul Sharma,Male,26,Vijayawada,Andhra Pradesh,2025-08-10
787,Divya Nair,Female,48,Hyderabad,Telangana,2024-04-22
788,Anjali Patel,Male,23,Pune,Maharashtra,2025-08-13
789,Divya Reddy,Male,35,Hyderabad,Telangana,2024-04-16
790,Anjali Sharma,Male,31,Pune,Maharashtra,2024-11-21
791,Sneha Patel,Female,23,Chennai,Tamil Nadu,2025-07-10
792,Lakshmi Verma,Female,53,Hyderabad,Telangana,2025-12-02
793,Anjali Singh,Female,50,Kochi,Kerala,2025-04-06
794,Rakesh Singh,Female,37,Vijayawada,Andhra Pradesh,2025-04-22
795,Anjali Verma,Female,27,Hyderabad,Telangana,2025-08-05
796,Keerthi Nair,Female,38,Pune,Maharashtra,2025-07-17
797,Rohit Gupta,Male,40,Chennai,Tamil Nadu,2025-07-05
798,Shreya Kumar,Male,33,Vijayawada,Andhra Pradesh,2024-01-15
799,Priya Singh,Male,53,Vijayawada,Andhra Pradesh,2024-10-13
800,Meena Singh,Female,56,Bengaluru,Karnataka,2024-09-09
801,Kiran Gupta,Male,49,Chennai,Tamil Nadu,2025-11-14
802,Arjun Singh,Female,40,Chennai,Tamil Nadu,2025-12-06
803,Rakesh Kumar,Female,58,Pune,Maharashtra,2025-07-16
804,Arjun Singh,Female,47,Mumbai,Maharashtra,2025-05-01
805,Divya Sharma,Male,29,Delhi,Delhi,2024-08-02
806,Rahul Singh,Female,48,Vijayawada,Andhra Pradesh,2024-11-12
807,Tejas Nair,Male,57,Chennai,Tamil Nadu,2025-12-24
808,Rahul Rao,Male,31,Chennai,Tamil Nadu,2024-03-30
809,Keerthi Reddy,Male,26,Delhi,Delhi,2024-10-19
810,Meena Rao,Female,43,Mumbai,Maharashtra,2025-05-02
811,Sai Kumar,Male,37,Delhi,Delhi,2024-11-17
812,Nikhil Sharma,Female,19,Pune,Maharashtra,2024-03-07
813,Vamsi Rao,Female,23,Kochi,Kerala,2024-08-27
814,Meena Verma,Female,31,Hyderabad,Telangana,2024-10-06
815,Deepika Singh,Male,27,Bengaluru,Karnataka,2025-10-20
816,Meena Patel,Male,33,Kochi,Kerala,2025-10-10
817,Deepika Patel,Male,57,Kochi,Kerala,2024-10-25
818,Sneha Gupta,Female,60,Bengaluru,Karnataka,2024-12-20
819,Tejas Rao,Male,39,Hyderabad,Telangana,2024-01-31
820,Rohit Gupta,Female,56,Hyderabad,Telangana,2025-10-09
821,Harsha Kumar,Female,38,Vijayawada,Andhra Pradesh,2024-05-01
822,Harsha Singh,Female,56,Kochi,Kerala,2025-04-16
823,Priya Das,Female,22,Hyderabad,Telangana,2025-01-10
824,Rahul Nair,Female,51,Chennai,Tamil Nadu,2024-10-08
825,Priya Rao,Male,53,Kochi,Kerala,2024-05-24
826,Rohit Singh,Female,26,Chennai,Tamil Nadu,2024-03-26
827,Sai Verma,Male,18,Pune,Maharashtra,2025-02-13
828,Anjali Das,Female,49,Pune,Maharashtra,2024-08-29
829,Meena Gupta,Male,23,Pune,Maharashtra,2025-09-10
830,Shreya Rao,Female,49,Vijayawada,Andhra Pradesh,2025-11-15
831,Vikram Reddy,Male,22,Bengaluru,Karnataka,2025-06-21
832,Sai Patel,Female,18,Chennai,Tamil Nadu,2024-02-16
833,Sai Reddy,Male,55,Pune,Maharashtra,2025-08-07
834,Shreya Das,Male,35,Mumbai,Maharashtra,2024-01-02
835,Deepika Nair,Male,39,Delhi,Delhi,2025-09-18
836,Lakshmi Nair,Female,53,Vijayawada,Andhra Pradesh,2025-11-01
837,Keerthi Rao,Female,36,Chennai,Tamil Nadu,2024-03-30
838,Keerthi Kumar,Female,25,Bengaluru,Karnataka,2024-07-06
839,Divya Das,Male,59,Bengaluru,Karnataka,2024-07-24
840,Rohit Nair,Female,52,Kochi,Kerala,2025-04-19
841,Rahul Das,Male,28,Mumbai,Maharashtra,2024-06-29
842,Shreya Das,Female,41,Vijayawada,Andhra Pradesh,2024-12-09
843,Sneha Gupta,Male,56,Delhi,Delhi,2025-05-18
844,Tejas Nair,Male,54,Mumbai,Maharashtra,2025-06-11
845,Shreya Kumar,Female,56,Chennai,Tamil Nadu,2024-10-30
846,Deepika Sharma,Male,37,Chennai,Tamil Nadu,2025-03-11
847,Rahul Reddy,Male,53,Chennai,Tamil Nadu,2025-03-22
848,Divya Sharma,Female,21,Kochi,Kerala,2024-11-21
849,Divya Rao,Male,51,Kochi,Kerala,2024-09-23
850,Meena Verma,Female,35,Bengaluru,Karnataka,2025-01-14
851,Lakshmi Rao,Male,42,Pune,Maharashtra,2025-08-15
852,Tejas Rao,Male,18,Delhi,Delhi,2025-08-03
853,Meena Verma,Male,37,Kochi,Kerala,2024-05-25
854,Rakesh Kumar,Male,36,Delhi,Delhi,2025-08-04
855,Harsha Das,Male,56,Chennai,Tamil Nadu,2024-09-09
856,Arjun Reddy,Male,41,Kochi,Kerala,2024-08-28
857,Sneha Reddy,Female,26,Bengaluru,Karnataka,2024-02-22
858,Shreya Rao,Female,18,Chennai,Tamil Nadu,2025-05-09
859,Kiran Reddy,Female,45,Vijayawada,Andhra Pradesh,2025-09-02
860,Meena Singh,Female,45,Delhi,Delhi,2024-10-29
861,Sneha Kumar,Female,30,Vijayawada,Andhra Pradesh,2024-03-23
862,Divya Nair,Female,37,Chennai,Tamil Nadu,2025-11-13
863,Meena Rao,Female,47,Delhi,Delhi,2025-06-20
864,Rakesh Gupta,Female,35,Delhi,Delhi,2025-02-05
865,Meena Kumar,Male,19,Vijayawada,Andhra Pradesh,2024-07-31
866,Meena Kumar,Female,56,Kochi,Kerala,2025-03-28
867,Deepika Singh,Male,18,Pune,Maharashtra,2025-03-26
868,Divya Singh,Male,33,Mumbai,Maharashtra,2025-05-09
869,Anjali Patel,Female,52,Vijayawada,Andhra Pradesh,2025-09-19
870,Vikram Verma,Female,59,Vijayawada,Andhra Pradesh,2025-11-13
871,Rakesh Rao,Male,30,Vijayawada,Andhra Pradesh,2024-04-18
872,Rakesh Das,Female,38,Pune,Maharashtra,2025-06-30
873,Anjali Nair,Female,45,Hyderabad,Telangana,2024-10-27
874,Meena Rao,Male,32,Mumbai,Maharashtra,2024-01-01
875,Arjun Verma,Female,59,Pune,Maharashtra,2025-07-05
876,Shreya Kumar,Male,30,Delhi,Delhi,2024-11-30
877,Kiran Kumar,Female,20,Pune,Maharashtra,2024-09-22
878,Rakesh Kumar,Female,60,Hyderabad,Telangana,2025-08-09
879,Lakshmi Singh,Male,39,Pune,Maharashtra,2024-04-09
880,Harsha Reddy,Male,60,Chennai,Tamil Nadu,2025-02-04
881,Lakshmi Nair,Female,45,Hyderabad,Telangana,2024-07-31
882,Lakshmi Verma,Female,53,Delhi,Delhi,2024-12-09
883,Keerthi Gupta,Female,41,Bengaluru,Karnataka,2024-03-21
884,Vikram Gupta,Male,48,Chennai,Tamil Nadu,2025-07-04
885,Priya Nair,Male,47,Vijayawada,Andhra Pradesh,2024-09-02
886,Rakesh Nair,Female,45,Vijayawada,Andhra Pradesh,2024-05-04
887,Harsha Reddy,Female,43,Kochi,Kerala,2025-06-13
888,Divya Das,Female,57,Bengaluru,Karnataka,2025-03-15
889,Lakshmi Verma,Female,56,Chennai,Tamil Nadu,2025-12-18
890,Sneha Sharma,Male,60,Hyderabad,Telangana,2025-08-17
891,Rakesh Verma,Female,21,Kochi,Kerala,2024-08-01
892,Lakshmi Das,Male,42,Delhi,Delhi,2024-11-24
893,Nikhil Singh,Female,30,Kochi,Kerala,2024-06-30
894,Arjun Kumar,Male,41,Vijayawada,Andhra Pradesh,2024-04-02
895,Shreya Kumar,Male,25,Pune,Maharashtra,2025-02-26
896,Vamsi Singh,Male,29,Mumbai,Maharashtra,2025-10-19
897,Vikram Sharma,Male,18,Delhi,Delhi,2024-01-26
898,Arjun Das,Male,46,Hyderabad,Telangana,2025-07-02
899,Sneha Patel,Female,34,Vijayawada,Andhra Pradesh,2025-05-25
900,Rohit Gupta,Male,36,Delhi,Delhi,2024-01-14
901,Lakshmi Sharma,Male,36,Kochi,Kerala,2024-06-26
902,Vikram Singh,Male,44,Delhi,Delhi,2024-01-04
903,Rohit Singh,Male,29,Hyderabad,Telangana,2024-02-08
904,Meena Patel,Female,57,Hyderabad,Telangana,2025-04-27
905,Shreya Singh,Female,57,Mumbai,Maharashtra,2024-11-27
906,Shreya Rao,Male,55,Hyderabad,Telangana,2025-01-08
907,Shreya Gupta,Female,35,Kochi,Kerala,2024-06-19
908,Harsha Kumar,Male,48,Pune,Maharashtra,2024-01-28
909,Arjun Reddy,Male,19,Delhi,Delhi,2025-06-20
910,Nikhil Kumar,Female,45,Chennai,Tamil Nadu,2025-01-26
911,Harsha Das,Female,59,Mumbai,Maharashtra,2025-07-09
912,Priya Singh,Female,45,Mumbai,Maharashtra,2024-06-12
913,Anjali Nair,Male,32,Vijayawada,Andhra Pradesh,2025-07-30
914,Kiran Verma,Female,18,Pune,Maharashtra,2025-10-31
915,Shreya Sharma,Female,34,Chennai,Tamil Nadu,2025-10-18
916,Kiran Rao,Male,53,Vijayawada,Andhra Pradesh,2025-10-05
917,Deepika Reddy,Female,51,Delhi,Delhi,2024-05-18
918,Rahul Sharma,Male,19,Kochi,Kerala,2024-07-13
919,Deepika Gupta,Female,38,Vijayawada,Andhra Pradesh,2025-03-26
920,Anjali Das,Female,56,Hyderabad,Telangana,2024-05-14
921,Shreya Patel,Female,22,Bengaluru,Karnataka,2024-10-28
922,Arjun Patel,Male,48,Delhi,Delhi,2025-02-03
923,Nikhil Verma,Male,54,Pune,Maharashtra,2024-09-29
924,Divya Sharma,Male,38,Delhi,Delhi,2024-03-20
925,Arjun Sharma,Female,50,Mumbai,Maharashtra,2024-09-15
926,Shreya Gupta,Male,34,Bengaluru,Karnataka,2024-08-20
927,Vikram Rao,Male,46,Hyderabad,Telangana,2025-11-30
928,Shreya Rao,Female,35,Bengaluru,Karnataka,2025-04-24
929,Deepika Das,Female,32,Chennai,Tamil Nadu,2025-09-12
930,Vikram Kumar,Male,51,Bengaluru,Karnataka,2025-11-06
931,Anjali Kumar,Female,59,Chennai,Tamil Nadu,2025-08-24
932,Vamsi Reddy,Female,51,Mumbai,Maharashtra,2025-10-18
933,Rakesh Singh,Male,20,Chennai,Tamil Nadu,2024-10-02
934,Harsha Sharma,Female,55,Pune,Maharashtra,2024-01-23
935,Meena Nair,Female,39,Kochi,Kerala,2024-01-18
936,Deepika Singh,Female,32,Chennai,Tamil Nadu,2025-08-03
937,Sai Rao,Male,21,Pune,Maharashtra,2025-06-19
938,Rahul Nair,Male,29,Mumbai,Maharashtra,2025-10-01
939,Rahul Das,Male,46,Chennai,Tamil Nadu,2025-12-06
940,Vamsi Verma,Male,45,Chennai,Tamil Nadu,2025-05-09
941,Rakesh Reddy,Female,53,Hyderabad,Telangana,2024-02-26
942,Divya Patel,Female,41,Hyderabad,Telangana,2025-07-31
943,Kiran Das,Female,59,Hyderabad,Telangana,2025-08-07
944,Rakesh Singh,Male,23,Pune,Maharashtra,2025-12-20
945,Lakshmi Nair,Male,18,Kochi,Kerala,2025-05-25
946,Kiran Kumar,Female,40,Vijayawada,Andhra Pradesh,2024-06-29
947,Anjali Reddy,Female,25,Pune,Maharashtra,2025-12-24
948,Tejas Kumar,Male,48,Vijayawada,Andhra Pradesh,2025-05-15
949,Rahul Nair,Male,21,Delhi,Delhi,2025-01-01
950,Tejas Das,Female,26,Delhi,Delhi,2025-02-10
951,Shreya Sharma,Male,35,Pune,Maharashtra,2025-04-24
952,Shreya Nair,Female,60,Kochi,Kerala,2025-05-19
953,Priya Sharma,Male,31,Bengaluru,Karnataka,2025-06-01
954,Meena Verma,Female,30,Hyderabad,Telangana,2024-09-25
955,Keerthi Sharma,Female,25,Vijayawada,Andhra Pradesh,2024-07-06
956,Divya Das,Male,52,Bengaluru,Karnataka,2025-11-24
957,Nikhil Reddy,Male,37,Chennai,Tamil Nadu,2024-07-20
958,Deepika Nair,Male,53,Pune,Maharashtra,2025-10-04
959,Anjali Kumar,Male,26,Hyderabad,Telangana,2025-12-27
960,Harsha Singh,Male,22,Pune,Maharashtra,2025-08-09
961,Meena Verma,Male,42,Delhi,Delhi,2024-06-10
962,Nikhil Gupta,Female,60,Delhi,Delhi,2025-11-04
963,Vikram Sharma,Female,40,Mumbai,Maharashtra,2025-11-26
964,Harsha Patel,Male,38,Chennai,Tamil Nadu,2024-07-09
965,Rohit Kumar,Female,39,Chennai,Tamil Nadu,2025-06-18
966,Priya Verma,Male,28,Chennai,Tamil Nadu,2024-04-25
967,Anjali Das,Male,54,Pune,Maharashtra,2025-07-15
968,Sai Gupta,Male,56,Kochi,Kerala,2025-03-17
969,Deepika Patel,Female,33,Mumbai,Maharashtra,2024-03-04
970,Tejas Kumar,Male,57,Delhi,Delhi,2024-05-28
971,Priya Sharma,Male,53,Mumbai,Maharashtra,2025-09-05
972,Vamsi Das,Female,54,Bengaluru,Karnataka,2024-10-17
973,Sai Kumar,Female,56,Mumbai,Maharashtra,2024-05-24
974,Rahul Patel,Female,57,Mumbai,Maharashtra,2025-12-25
975,Divya Kumar,Male,39,Vijayawada,Andhra Pradesh,2024-02-09
976,Arjun Rao,Male,44,Kochi,Kerala,2024-10-06
977,Deepika Patel,Male,29,Pune,Maharashtra,2024-11-03
978,Rohit Reddy,Female,32,Kochi,Kerala,2024-02-16
979,Priya Rao,Female,33,Vijayawada,Andhra Pradesh,2025-11-12
980,Kiran Patel,Female,58,Kochi,Kerala,2025-09-24
981,Arjun Sharma,Male,46,Bengaluru,Karnataka,2024-02-10
982,Priya Gupta,Female,26,Vijayawada,Andhra Pradesh,2025-11-21
983,Vikram Nair,Female,45,Pune,Maharashtra,2025-01-30
984,Keerthi Verma,Male,21,Bengaluru,Karnataka,2024-07-05
985,Rohit Rao,Male,28,Delhi,Delhi,2024-12-08
986,Nikhil Patel,Female,28,Chennai,Tamil Nadu,2025-12-28
987,Deepika Verma,Male,29,Bengaluru,Karnataka,2024-04-28
988,Sneha Verma,Male,45,Chennai,Tamil Nadu,2025-04-01
989,Anjali Verma,Male,44,Pune,Maharashtra,2024-05-09
990,Sneha Nair,Male,59,Mumbai,Maharashtra,2025-07-08
991,Priya Patel,Male,39,Pune,Maharashtra,2025-04-16
992,Arjun Nair,Female,39,Bengaluru,Karnataka,2025-12-02
993,Shreya Kumar,Male,51,Mumbai,Maharashtra,2024-01-17
994,Deepika Gupta,Female,37,Delhi,Delhi,2025-04-04
995,Lakshmi Singh,Male,29,Kochi,Kerala,2024-07-17
996,Rahul Patel,Male,19,Delhi,Delhi,2024-12-04
997,Meena Rao,Male,28,Delhi,Delhi,2024-03-29
998,Rahul Reddy,Female,35,Vijayawada,Andhra Pradesh,2025-02-04
999,Rahul Gupta,Female,36,Mumbai,Maharashtra,2025-09-24
1000,Sai Gupta,Female,22,Chennai,Tamil Nadu,2025-08-06
